notable_candidate_id,person_id,person_name,generation,relationship_to_root,birth_date,death_date,birth_place,death_place,category,notable_reason,risk_level,proof_status,review_notes
359,@I322625937930@,"Jane ""Indian Princess"" Sandusky",11,direct ancestor,1622,19 November 1683,"York Village, York County, Maine, United States of America","Salisbury, Essex County, Massachusetts, United States of America",royal_noble,Royal/noble title claim,high,unverified,Treat as GEDCOM claim until supported by citations and proof path.
410,@I322627131221@,Lady Ann (Grandmother of Sir Isaac Newton) Wood,11,direct ancestor,15 Nov 1571,21 Jan 1649,"Manchester, Lancashire, England","Lincolnshire, England",royal_noble,Noble title claim,high,unverified,Treat as GEDCOM claim until supported by citations and proof path.
411,@I322627131221@,Lady Ann (Grandmother of Sir Isaac Newton) Wood,11,direct ancestor,15 Nov 1571,21 Jan 1649,"Manchester, Lancashire, England","Lincolnshire, England",royal_noble,Noble/knightly title claim,high,unverified,Treat as GEDCOM claim until supported by citations and proof path.
372,@I322625938714@,Lady Dorothy Kent Beauchamp,11,direct ancestor,19 Apr 1581,27 January 1674,"Cosgrove, Northamptonshire, England, United Kingdom","Swansea, Bristol County, Massachusetts, United States of America",royal_noble,Noble title claim,high,unverified,Treat as GEDCOM claim until supported by citations and proof path.
493,@I322728993790@,Lady Mary de Borton,11,direct ancestor,1638,1710,"Saint Mary-St Marylebone Road,St Marylebone,London, England, United Kingdom, Europe","Salem County, New Jersey, USA, North America",royal_noble,Noble title claim,high,unverified,Treat as GEDCOM claim until supported by citations and proof path.
341,@I322482798704@,Sir John Thomas Warburton 11th GGF,11,direct ancestor,22 Jun 1575,1603,"Arley, Warwickshire, England",England,royal_noble,Noble/knightly title claim,high,unverified,Treat as GEDCOM claim until supported by citations and proof path.
355,@I322625936624@,Sir Robert Corbett,11,direct ancestor,21 May 1640,18 September 1695,"Moreton Corbet, Shropshire, England","Woodstock, Windham, Connecticut, USA",royal_noble,Noble/knightly title claim,high,unverified,Treat as GEDCOM claim until supported by citations and proof path.
409,@I322627131190@,Sir Robert Isaac (Grandfather of Sir Isaac Newton) Newton,11,direct ancestor,7 Feb 1575,29 September 1641,"Colsterworth, Lincolnshire, , England","Woolsthorpe, Lincolnshire, England, United Kingdom",royal_noble,Noble/knightly title claim,high,unverified,Treat as GEDCOM claim until supported by citations and proof path.
337,@I322454177849@,"Sir William Fernal* Capt., Commodore",11,direct ancestor,12 Jun 1574,8 Apr 1669,"Castle Heidelberg, Baden-Wuerttemberg, Germany","Bristol, Gloucestershire, England",royal_noble,Noble/knightly title claim,high,unverified,Treat as GEDCOM claim until supported by citations and proof path.
536,@I322743387169@,Annis Anne Lady Ramsey Hampshire 'Countess Dudley North' Hodell,12,direct ancestor,"Aug 3, 1570",5 June 1633,"Ramsey, Hampshire, , England","Olney, Buckinghamshire, England",royal_noble,Noble title claim,high,unverified,Treat as GEDCOM claim until supported by citations and proof path.
403,@I322625941829@,John Henry Howland IV 1rst Lord of Newport Pond ❤️,12,direct ancestor,17 May 1564,17 May 1635,"Fenstanton, Cambridgeshire, England","Fenstanton, Cambridgeshire, England",royal_noble,Noble title claim,high,unverified,Treat as GEDCOM claim until supported by citations and proof path.
521,@I322738275423@,Lady Amy Glass,12,direct ancestor,10 December 1618,24 January 1649,"Taunton, Somerset, England, United Kingdom","Barnstable, Barnstable, Massachusetts, British Colonies America",royal_noble,Noble title claim,high,unverified,Treat as GEDCOM claim until supported by citations and proof path.
463,@I322681171833@,SIR WILLIAM JOHN WILDES,12,direct ancestor,1596,Sep? 1662,"Essex, Lancashire, , England","Topsfield, Essex, Massachusetts, United States",royal_noble,Noble/knightly title claim,high,unverified,Treat as GEDCOM claim until supported by citations and proof path.
522,@I322738275437@,Sir Edward Holman Sr.,12,direct ancestor,31 Dec 1609,3 May 1675,"Taunton, Somerset, England","Plymouth, Plymouth, Massachusetts, United States",royal_noble,Noble/knightly title claim,high,unverified,Treat as GEDCOM claim until supported by citations and proof path.
384,@I322625940001@,"Sir John Bailey Corbett, 1st Baronet of Stoke, County of Salop,",12,direct ancestor,"May 20, 1594","July 31, 1662","Moreton Corbet, Shropshire, England","St Giles Cripplegate, London, England",royal_noble,Noble/knightly title claim,high,unverified,Treat as GEDCOM claim until supported by citations and proof path.
354,@I322625936465@,Sir John Crooke Knight,12,direct ancestor,5 Sep 1617,26 Feb 1699,"Newtown, Hampshire, England",,royal_noble,Noble/knightly title claim,high,unverified,Treat as GEDCOM claim until supported by citations and proof path.
494,@I322728993870@,"Sir John de Borton II, Knight",12,direct ancestor,1595,1677,"London, England, United Kingdom, Europe","New Burlington, Burlington County, New Jersey, American Colonies, North America",royal_noble,Noble/knightly title claim,high,unverified,Treat as GEDCOM claim until supported by citations and proof path.
342,@I322530981723@,Sir Knight Peter Warburton,12,direct ancestor,1542,22 Jul 1626,"Arley,,Cheshire,England","Arley,,Cheshire,England",royal_noble,Noble/knightly title claim,high,unverified,Treat as GEDCOM claim until supported by citations and proof path.
360,@I322625937936@,Sir Robert Flanders,12,direct ancestor,23 July 1581,Oct 1647,"Stokesley, North Yorkshire, England, United Kingdom","Yorkshire, England",royal_noble,Noble/knightly title claim,high,unverified,Treat as GEDCOM claim until supported by citations and proof path.
402,@I322625941817@,"Sir Thomas Edward Beauchamp ""Knight""",12,direct ancestor,1550,13 Dec 1613,"Cosgrove, Northamptonshire, England","Cosgrove, Northamptonshire, England",royal_noble,Noble/knightly title claim,high,unverified,Treat as GEDCOM claim until supported by citations and proof path.
571,@I322745627043@,*Sir William Dane,13,direct ancestor,1561,1681,"Berkhamstead,,Hertfordshire,England","Berkhamstead,,Hertfordshire,England",royal_noble,Noble/knightly title claim,high,unverified,Treat as GEDCOM claim until supported by citations and proof path.
538,@I322743414536@,Beatrice \ Beatrix ( Lady ) Felton,13,direct ancestor,21 Nov 1574,11 Feb 1661,"Plymouth, Devon, England","Beccles, Suffolk, England",royal_noble,Noble title claim,high,unverified,Treat as GEDCOM claim until supported by citations and proof path.
607,@I322776142979@,Beatrice \ Beatrix ( Lady ) Felton,13,direct ancestor,21 Nov 1574,11 Feb 1661,"Plymouth, Devon, England","Beccles, Suffolk, England",royal_noble,Noble title claim,high,unverified,Treat as GEDCOM claim until supported by citations and proof path.
386,@I322625940350@,Katherine Anne Herbert Lady,13,direct ancestor,1535,13 March 1593,"Powis Castle, Montgomeryshire, Powys, Wales, United Kingdom","Montgomery, Montgomeryshire, Powys, Wales, United Kingdom",royal_noble,Noble title claim,high,unverified,Treat as GEDCOM claim until supported by citations and proof path.
597,@I322746646998@,LADY BENNETTA \ BENETTE DE RING \ DERINGE \ DEERING -x13\10th maternal g gm of DONCASH3327_x1,13,direct ancestor,9 Apr 1568,1645,"Great Chart, Kent, England","Surrender, Pluckley, Kent, England",royal_noble,Noble title claim,high,unverified,Treat as GEDCOM claim until supported by citations and proof path.
375,@I322625939011@,Lady Agnes Rowe,13,direct ancestor,1570,1615,"Spreyton, Deavon, England","Spreyton, Devon, England",royal_noble,Noble title claim,high,unverified,Treat as GEDCOM claim until supported by citations and proof path.
601,@I322747087342@,Lady Anne\Anna Abigail Doane-Twining\Twenynge (Immigrant),13,direct ancestor,7 Aug 1600,27 Feb 1680,"St Erth, Cornwall, England","Eastham, Barnstable County, Massachusetts, USA",royal_noble,Noble title claim,high,unverified,Treat as GEDCOM claim until supported by citations and proof path.
406,@I322625941853@,Lady Margaret Dorothy Whalesburgh,13,direct ancestor,31 May 1529,1561,"Cosgrove, Northamptonshire, England","Cosgrove, Northamptonshire, England",royal_noble,Noble title claim,high,unverified,Treat as GEDCOM claim until supported by citations and proof path.
565,@I322745596662@,Lady Mary Margaretha Brereton ^' (m. Warburton) Baroness of Warburton,13,direct ancestor,1524,01 Dec 1628,"Brereton Hall, Brereton, , Cheshire, , England","Brereton Hall, Brereton, Cheshire, England",royal_noble,Noble title claim,high,unverified,Treat as GEDCOM claim until supported by citations and proof path.
349,@I322625934820@,Lady Marye Furber nee Newbye,13,direct ancestor,1584,24 March 1642,"Northleigh, Devon, England, United Kingdom","Dover, Oyster River Plantation, Strafford County, New Hampshire",royal_noble,Noble title claim,high,unverified,Treat as GEDCOM claim until supported by citations and proof path.
391,@I322625941433@,Lady of Prussia Triens,13,direct ancestor,1570,1600,"Prussia, Germany","Prussia, Germany",royal_noble,Noble title claim,high,unverified,Treat as GEDCOM claim until supported by citations and proof path.
600,@I322747087307@,Mary Lady of Bewdley WorcestershireCONN. HODGETT,13,direct ancestor,1569,23 Apr 1661,"Bewdley, Wyre Forest District, Worcestershire, England","New Haven, New Haven, Connecticut, Colonial America",royal_noble,Noble title claim,high,unverified,Treat as GEDCOM claim until supported by citations and proof path.
418,@I322668193991@,SIR RICHARD STROUDE\STROUD,13,direct ancestor,25 Jun 1584,9 Oct 1669,"Devon, England","Plympton, Saint Mary, Devon, England",royal_noble,Noble/knightly title claim,high,unverified,Treat as GEDCOM claim until supported by citations and proof path.
390,@I322625940521@,Sir Basil BROOKE,13,direct ancestor,12 Jun 1576,31 Dec 1646,"Madely Court, Shropshire, England","Shropshire, England (may be buried in the tower of london)",royal_noble,Noble/knightly title claim,high,unverified,Treat as GEDCOM claim until supported by citations and proof path.
587,@I322746025656@,Sir James Fraser,13,direct ancestor,4 June 1612,12 Jun 1649,"Lovat Castle, Beauly, Inverness-shire, Scotland","Kirkhill, Inverness-shire, Scotland",royal_noble,Noble/knightly title claim,high,unverified,Treat as GEDCOM claim until supported by citations and proof path.
564,@I322745596658@,"Sir John Peter Warburton, Knight of Arley",13,direct ancestor,1523,31 Aug 1575,"Warburton / Arley, Appleton, Cheshire, England","Great Budworth or Brereton, Cheshire, England",royal_noble,Noble/knightly title claim,high,unverified,Treat as GEDCOM claim until supported by citations and proof path.
579,@I322745879238@,Sir Knight John Craddock Newton of Hawtrey,13,direct ancestor,7 June 1507,17 November 1568,"Richmont, East Harptree, Somersetshire, England","East Harptree, Somerset, England",royal_noble,Noble/knightly title claim,high,unverified,Treat as GEDCOM claim until supported by citations and proof path.
464,@I322681171868@,Sir Knight John Wilde (Knight of Canterbury),13,direct ancestor,1575,1648,"St Martins, Canterbury, Kent, England, United Kingdom","Canterbury, Kent, England, United Kingdom",royal_noble,Noble/knightly title claim,high,unverified,Treat as GEDCOM claim until supported by citations and proof path.
537,@I322743412471@,Sir Knight Thomas Henry Of Ramsey Essex Hodell\Odell,13,direct ancestor,1520,25 January 1621,"Ramsey, Essex, England","Rattlesden, Mid Suffolk District, Suffolk, England",royal_noble,Noble/knightly title claim,high,unverified,Treat as GEDCOM claim until supported by citations and proof path.
328,@I322454169464@,Sir William Gibbons of East Riding,13,direct ancestor,1558,1623,"Fenny Compton, Warwickshire, England","St Leonard, Shoreditch, Middlesex, England",royal_noble,Noble/knightly title claim,high,unverified,Treat as GEDCOM claim until supported by citations and proof path.
485,@I322725937310@,"William (Lord of Hendre Obeth, Castle Arnold) Jones MS77-5M4",13,direct ancestor,1512,1586,"Treowen, Monmouth, Glamorgan, Gwent, Wales, United Kingdom","Cirencester, Gloucestershire, England, United Kingdom",royal_noble,Noble title claim,high,unverified,Treat as GEDCOM claim until supported by citations and proof path.
340,@I322475441280@,"EN Sir Edward, of Salle, EN, Bragg\Briggs\Bragg\Briggs\Bridge\Bragg",14,direct ancestor,1520,"Feb. 06, 1606","Lupton, Westmorland, England or Salle, Norfolk, Norfolk, England","North Watten, Norfolk, England",royal_noble,Noble/knightly title claim,high,unverified,Treat as GEDCOM claim until supported by citations and proof path.
566,@I322745596730@,EN Sir William II Brereton XI 11 ggf,14,direct ancestor,1506,19 March 1577,"Brereton Hall, Brereton Green, , Clifton, South, Cheshire, England","Cheadle, Cheshire, England, United Kingdom",royal_noble,Noble/knightly title claim,high,unverified,Treat as GEDCOM claim until supported by citations and proof path.
503,@I322731586535@,"Joan, Lady Heigham",14,direct ancestor,1548,abt 1637,"Gifford's Hall, Wickhambrook, Suffolk","Rotherfield Greys, Oxfordshire, England",royal_noble,Noble title claim,high,unverified,Treat as GEDCOM claim until supported by citations and proof path.
363,@I322625938190@,"Johan\John Amos Commenus of Deurnagele, Duke of Vroylant",14,direct ancestor,1504,1569,"Bourges, Cher, Centre-Val de Loire, France","Bourges, Cher, Centre-Val de Loire, France",royal_noble,Noble title claim,high,unverified,Treat as GEDCOM claim until supported by citations and proof path.
377,@I322625939031@,LADY MARGARETT BROOKE - ALLER - ROWE*,14,direct ancestor,13 Jun 1540,6 Jul 1615,"Old Fish Street, London, England","Spreyton, Devon, England",royal_noble,Noble title claim,high,unverified,Treat as GEDCOM claim until supported by citations and proof path.
487,@I322728004131@,Lady Alice Jane Newton-Bigelow,14,direct ancestor,1550,1598,"Wrentham, Suffolk, England","Ollerton, Suffolk, England",royal_noble,Noble title claim,high,unverified,Treat as GEDCOM claim until supported by citations and proof path.
388,@I322625940387@,"Lady Anna, Countess Pembroke, Lady-in-Waiting to Queens of King Henry VIII, Sister of Queen Catherine Parr",14,direct ancestor,15 Jul 1514,20 Feb 1552,"Kendal, Westmoreland, England","Baynard's Castle, Londen",royal_noble,Noble title claim,high,unverified,Treat as GEDCOM claim until supported by citations and proof path.
567,@I322745596746@,Lady Anne Eleanor Booth,14,direct ancestor,1508,19 Mar 1584,"Barton, Eccles (Lancashire) England","Brereton Hall, Brereton, Cheshire, England",royal_noble,Noble title claim,high,unverified,Treat as GEDCOM claim until supported by citations and proof path.
541,@I322743414947@,Lady Elizabeth Dowby Gilchrist Wytham Coney,14,direct ancestor,1540,14 September 1619,"Horbling, Lincolnshire, England","Horbling, Lincolnshire, Engeland",royal_noble,Noble title claim,high,unverified,Treat as GEDCOM claim until supported by citations and proof path.
556,@I322744906222@,Lady Elizabeth Leventhorpe nee Barley of Albury,14,direct ancestor,1501,9 May 1592,"Albury, Hertfordshire, England, United Kingdom","Sawbridgeworth, Hertfordshire, England, United Kingdom",royal_noble,Noble title claim,high,unverified,Treat as GEDCOM claim until supported by citations and proof path.
330,@I322454169671@,Lady Joan Marsh,14,direct ancestor,1535,1578,"Mappleton, Yorkshire, England","York, Yorkshire, England",royal_noble,Noble title claim,high,unverified,Treat as GEDCOM claim until supported by citations and proof path.
378,@I322625939086@,Lady Margeret Leete (Parkhurst)(Babbs),14,direct ancestor,1502,1567,"Guilford, Surrey, England, United Kingdom","Surrey, Surrey, England, United Kingdom",royal_noble,Noble title claim,high,unverified,Treat as GEDCOM claim until supported by citations and proof path.
449,@I322680432867@,Lady Mary Jane Boleyn,14,direct ancestor,1535,15 June 1598,"Newport Pagnell, Milton Keynes Borough, Buckinghamshire, England","Newport Pagnell, Milton Keynes Borough, Buckinghamshire, England",royal_noble,Noble title claim,high,unverified,Treat as GEDCOM claim until supported by citations and proof path.
416,@I322638422181@,Lady Roberta Whittel (Wadley),14,direct ancestor,1580,1672,"Tarporley, Cheshire, England","Well, Yorkshire, England",royal_noble,Noble title claim,high,unverified,Treat as GEDCOM claim until supported by citations and proof path.
572,@I322745627137@,Lady Sarah Jones,14,direct ancestor,1550,1616,"Herfordshire, England","Herfordshire, England",royal_noble,Noble title claim,high,unverified,Treat as GEDCOM claim until supported by citations and proof path.
555,@I322744641558@,"Oliver of Windleshaw, Lancashire “English Immigrant” Mainwaring- Descendant of Charlemagne",14,direct ancestor,1554,16 November 1655,"Windleshaw, Lancashire, England, United Kingdom","Port Tobacco, Charles, Maryland, USA",medieval_descent,Medieval royal descent claim,high,unverified,Treat as GEDCOM claim until supported by citations and proof path.
502,@I322731586447@,"Richard, Sir Knowle or Knollys",14,direct ancestor,1543,2 Jul 1610,"Cold Tanby, Northamptonshire, England","Sandwich, Kent, England",royal_noble,Noble/knightly title claim,high,unverified,Treat as GEDCOM claim until supported by citations and proof path.
376,@I322625939019@,SIR JOHN ROWE III*,14,direct ancestor,1535,1612,"Spreyton, Devon, England","Gidley, Devon, England",royal_noble,Noble/knightly title claim,high,unverified,Treat as GEDCOM claim until supported by citations and proof path.
473,@I322681174319@,SIR William CAREY High Sheriff and Lord Mayor of Br,14,direct ancestor,3 Oct 1540,1 Mar 1612,"Bristol, Somerset, England","Toddington, Gloucestershire, England",royal_noble,Noble/knightly title claim,high,unverified,Treat as GEDCOM claim until supported by citations and proof path.
593,@I322746343904@,Sir David Griffith Davys (Davis) Sr,14,direct ancestor,1500,10 Mar 1587,"Acton Turville, Gloucestershire, England","Acton Turville, Wiltshire, England",royal_noble,Noble/knightly title claim,high,unverified,Treat as GEDCOM claim until supported by citations and proof path.
381,@I322625939476@,"Sir Hugh (Hugo, Hughe) de (Smith, Smyth) Smythe",14,direct ancestor,17 Nov 1574,18 Apr 1627,"VERIFIED- Long Ashton Manor, Long Ashton, Somerset, England -Dates to 1265. Held by Amerike's (possible source of 'America'), Lyon's, Choke's and Smyth's who were lords of Long Ashton for 4 centuries. Sold in 1946.","Long Ashton Manor, Long Ashton, Somerset, England",royal_noble,Noble/knightly title claim,high,unverified,Treat as GEDCOM claim until supported by citations and proof path.
559,@I322745357141@,"Sir John Edward Baker, ""The Bloody Knight of Sissinghurst, Kent, Member of Parliament, Speaker of the House of Commons",14,direct ancestor,24 Feb 1503,23 December 1558,"Sissinghurst Castle, Cranbrook County, Kent, England","Cranbrook, Ashford, Kent, England, United Kingdom",royal_noble,Noble/knightly title claim,high,unverified,Treat as GEDCOM claim until supported by citations and proof path.
560,@I322745507650@,Sir John Richard Bartholomew Bartilmewe III,14,direct ancestor,1499,7 Aug 1557,"Warborough, Oxfordshire, England","Warborough, Oxfordshire, England",royal_noble,Noble/knightly title claim,high,unverified,Treat as GEDCOM claim until supported by citations and proof path.
530,@I322741258042@,Sir John Tibbetts,14,direct ancestor,Abt. 1530,Abt. 1609,"Stratford on Avon, Warwickshire, England","Stratford on Avon, Warwickshire, England",royal_noble,Noble/knightly title claim,high,unverified,Treat as GEDCOM claim until supported by citations and proof path.
329,@I322454169637@,Sir John of East Yorkshire Gibbons 13th GGF,14,direct ancestor,1528,1597,"Mappleton, Yorkshire, England","Mappleton, Yorkshire, England",royal_noble,Noble/knightly title claim,high,unverified,Treat as GEDCOM claim until supported by citations and proof path.
540,@I322743414937@,Sir Richard John Jackson,14,direct ancestor,1542,"25 Oct., 1607","Horbling, Lincolnshire, England","Horbling, South Kesteven District, Horbling, Lincolnshire, England",royal_noble,Noble/knightly title claim,high,unverified,Treat as GEDCOM claim until supported by citations and proof path.
532,@I322741258157@,Sir Robert Kinne Keeny Kinney Kyne,14,direct ancestor,1550,1 Nov or 21 Dec 1596,"Kings Lynn, Kings Lynn and West Norfolk Borough, Norfolk, England","Wingrave, Buckinghamshire or Kings Lynn, Norfolk, England",royal_noble,Noble/knightly title claim,high,unverified,Treat as GEDCOM claim until supported by citations and proof path.
545,@I322743744992@,Sir Thomas Bacon 10GG,14,direct ancestor,31 May 1566,1 Apr 1614,"Helmingham, Suffolk, England","Winston, Suffolk, England",royal_noble,Noble/knightly title claim,high,unverified,Treat as GEDCOM claim until supported by citations and proof path.
469,@I322681173764@,"Sir Thomas Lewis, Sheriff of Glamorgan III",14,direct ancestor,1524,2 November 1593,"Penarth, Glamorgan, Wales, United Kingdom","Cardiff, Glamorgan, Wales",royal_noble,Noble/knightly title claim,high,unverified,Treat as GEDCOM claim until supported by citations and proof path.
387,@I322625940374@,Sir Thomas Powell,14,direct ancestor,1500,20 Sep 1588,"Whittington, Shropshire, England, United Kingdom","Whittington, Shropshire, England or Ireland",royal_noble,Noble/knightly title claim,high,unverified,Treat as GEDCOM claim until supported by citations and proof path.
461,@I322680581077@,Sir William Atwood (Bayley) Bailey,14,direct ancestor,1535,22 Nov 1575,"Bromham, Wiltshire, England","Bromham, Wiltshire, England",royal_noble,Noble/knightly title claim,high,unverified,Treat as GEDCOM claim until supported by citations and proof path.
425,@I322668194716@,"Sir William STROUD\STRODE Sheriff of Devonshire, Burgess of Plympton Erle, Burgess and Recorder of Plymouth",14,direct ancestor,1 February 1562,27 Jun 1637,"Newham Manor, Plympton St. Mary, Roborough, Plymouth, South Devon","Plympton, Devon ... buried at St Mary, Devon, England",royal_noble,Noble/knightly title claim,high,unverified,Treat as GEDCOM claim until supported by citations and proof path.
367,@I322625938264@,"Anne De Bretagne, Duchess of Brittany, Queen Consort of France",15,direct ancestor,25 Jan 1477,9 Jan 1514,"Nantes, Loire-Atlantique, Pays de la Loire, France","Blois, Departement du Loir-et-Cher, Centre, France",royal_noble,Noble title claim,high,unverified,Treat as GEDCOM claim until supported by citations and proof path.
400,@I322625941741@,Dame Anne Sapcote Countess Fitzwilliam,15,direct ancestor,1505,15 May 1596,Elton (Huntingdon) England,"Nassaburgh, Northamptonshire, England",royal_noble,Noble title claim,high,unverified,Treat as GEDCOM claim until supported by citations and proof path.
447,@I322677939454@,EN Lady Margaret Beaupre \BRAGG\Briggs 15 GGM,15,direct ancestor,16 March 1501,20 February 1576,"Outwell, Norfolk, England, United Kingdom","Salle, Norfolk, England",royal_noble,Noble title claim,high,unverified,Treat as GEDCOM claim until supported by citations and proof path.
448,@I322677939619@,"EN Sir Thomas Brigg\(Beaupre), I Esq of Salle",15,direct ancestor,19 April 1500,27 August 1593,"Salle, Norfolk, England, United Kingdom","North, Woolton, Lancashire, England, United Kingdom",royal_noble,Noble/knightly title claim,high,unverified,Treat as GEDCOM claim until supported by citations and proof path.
539,@I322743414839@,"Isabel (Radclyffe) Harvey (Hervey), Lady of Ellenstow)",15,direct ancestor,1510/12,08 May 1594,"Elstow, Bedford Borough, Bedfordshire, England","Edgeworth, Lancashire, England",royal_noble,Noble title claim,high,unverified,Treat as GEDCOM claim until supported by citations and proof path.
459,@I322680556699@,John Prentice Turner: Mayflower passenger\immigrant ?this may not be a son of Sir william Turner: research this,15,direct ancestor,1538,06 May 1593,"Cherry Hinton, Cambridgeshire, England","Messing, Essex, England",royal_noble,Noble/knightly title claim,high,unverified,Treat as GEDCOM claim until supported by citations and proof path.
468,@I322681172215@,John Prentice Turner: Mayflower passenger\immigrant ?this may not be a son of Sir william Turner: research this,15,direct ancestor,1538,06 May 1593,"Cherry Hinton, Cambridgeshire, England","Messing, Essex, England",royal_noble,Noble/knightly title claim,high,unverified,Treat as GEDCOM claim until supported by citations and proof path.
483,@I322725936110@,John Sir Holcroft,15,direct ancestor,1496,1560,"Holcroft, Lancashire, England","Haslingden, Lancashire, England",royal_noble,Noble/knightly title claim,high,unverified,Treat as GEDCOM claim until supported by citations and proof path.
550,@I322744368310@,Judge Sir John III (High Sheriff of Suffolk) Clench (Clenche),15,direct ancestor,31 Jul 1533,19 Aug 1607,"Wethersfield, Essex, , England","Holbrook, Suffolk, England",royal_noble,Noble/knightly title claim,high,unverified,Treat as GEDCOM claim until supported by citations and proof path.
344,@I322616879206@,Lady Alice (Alys) Gage Browne,15,direct ancestor,31 March 1506,31 March 1540,"Herstmonceux, Sussex, England","Bechworth Castle, Surrey, England, United Kingdom",royal_noble,Noble title claim,high,unverified,Treat as GEDCOM claim until supported by citations and proof path.
542,@I322743414974@,"Lady Alice Marie Catherine Hunter Of Darnton York, Countess Bretonley",15,direct ancestor,1516,1565,"West Bretton, York, North Yorkshire, England, United Kingdom","West Bretton, York, North Yorkshire, England, United Kingdom",royal_noble,Noble title claim,high,unverified,Treat as GEDCOM claim until supported by citations and proof path.
470,@I322681174163@,Lady Alice Ragland,15,direct ancestor,1528,1571,"Ragland, Monmouthshire, England","Caernarvonshire, Wales",royal_noble,Noble title claim,high,unverified,Treat as GEDCOM claim until supported by citations and proof path.
504,@I322738217311@,Lady Angela Marie Lange,15,direct ancestor,1540,1559,"Groton, Suffolk, England","Groton, Suffolk, England",royal_noble,Noble title claim,high,unverified,Treat as GEDCOM claim until supported by citations and proof path.
575,@I322745628453@,Lady Anne Penwern (Penwarne) Hassell (Asle),15,direct ancestor,1510,30 Jul 1537,"Penwarne Manor, Cornwall, England","Keswick, Cumberland, England",royal_noble,Noble title claim,high,unverified,Treat as GEDCOM claim until supported by citations and proof path.
431,@I322668238048@,Lady Catharine Elizabeth Norreys\Norris\Nourse\Nurse Johnson Poulett\Paulet\Paulett More\Moore\Mooers of Rycote (12th GGM of Lady Diana),15,direct ancestor,Jan 1553,24 March 1602,"Rycote House, Rycote, near Thame, Oxfordshire, England","Maldon, Essex, England",royal_noble,Noble title claim,high,unverified,Treat as GEDCOM claim until supported by citations and proof path.
506,@I322738217959@,"Lady Catherine Carey, illegitmare Tudor, Lady of The Queen's Privy",15,direct ancestor,1525,15 January 1569,"Newry, Down, Ireland","Greater London, England",royal_noble,Noble title claim,high,unverified,Treat as GEDCOM claim until supported by citations and proof path.
507,@I322738217959@,"Lady Catherine Carey, illegitmare Tudor, Lady of The Queen's Privy",15,direct ancestor,1525,15 January 1569,"Newry, Down, Ireland","Greater London, England",medieval_descent,Tudor/royal descent claim,high,unverified,Treat as GEDCOM claim until supported by citations and proof path.
588,@I322746025813@,Lady Christiana Saint Clair Sinclair,15,direct ancestor,1532,1580,"Dunalastair, Perth, Scotland, United Kingdom","Cromarty, Ross & Cromarty, Scotland",royal_noble,Noble title claim,high,unverified,Treat as GEDCOM claim until supported by citations and proof path.
371,@I322625938408@,Lady Dame (Chevalier) END,15,direct ancestor,1510,1570,"Lancashire, Lancashire, England, United Kingdom","Sutton under Brailes, Warwickshire, England, United Kingdom",royal_noble,Noble title claim,high,unverified,Treat as GEDCOM claim until supported by citations and proof path.
489,@I322728004471@,Lady Eleanor Grosvenor (Baguley\Bigelow),15,direct ancestor,1520,1568,"Wrentham, Suffolk, England","Ollerton, Cheshire, England",royal_noble,Noble title claim,high,unverified,Treat as GEDCOM claim until supported by citations and proof path.
520,@I322738219278@,Lady Elizabeth Ellen Pangley,15,direct ancestor,06 Aug 1537,9 May 1579,"Hadley, Middlesex, London, England","Middlesex, London, London, England, United Kingdom",royal_noble,Noble title claim,high,unverified,Treat as GEDCOM claim until supported by citations and proof path.
548,@I322743745096@,Lady Elizabeth Willie\Wylie\Wiley Bacon,15,direct ancestor,1542,30 September 1607,"Helmingham, Mid Suffolk District, Suffolk, England","Winston, Suffolk, England, United Kingdom",royal_noble,Noble title claim,high,unverified,Treat as GEDCOM claim until supported by citations and proof path.
450,@I322680432904@,Lady Ellen (Katherine) Doane Boleyn,15,direct ancestor,1517,1599,"Abbots Ann, Hampshire, England, United Kingdom","Abbots Ann, Hampshire, England, United Kingdom",royal_noble,Noble title claim,high,unverified,Treat as GEDCOM claim until supported by citations and proof path.
369,@I322625938396@,Lady Joyce Ann Ridgley,15,direct ancestor,1500,1580,"Moor Hall, Sutton Coldfield, Warwickshire, England","Sutton Coldfield, Warwickshire, England",royal_noble,Noble title claim,high,unverified,Treat as GEDCOM claim until supported by citations and proof path.
533,@I322741258169@,Lady Katharine Baxter,15,direct ancestor,25 Jul 1510,25 July 1610,"Suffolk, Suffolk, England, United Kingdom","Suffolk, Suffolk, England, United Kingdom",royal_noble,Noble title claim,high,unverified,Treat as GEDCOM claim until supported by citations and proof path.
546,@I322743745022@,Lady Katherine (Margaret) Almott,15,direct ancestor,1534,abt 1596,"Coddenham, Suffolk, England","Suffolk, England",royal_noble,Noble title claim,high,unverified,Treat as GEDCOM claim until supported by citations and proof path.
380,@I322625939373@,Lady Katherine Hopwood,15,direct ancestor,1530,1584,"Hopwood Hall , Middleton, Lancashire, England","The Hurst, Lancashire, England, United Kingdom",royal_noble,Noble title claim,high,unverified,Treat as GEDCOM claim until supported by citations and proof path.
501,@I322730771516@,Lady Katherine Hopwood,15,direct ancestor,ABT 1530,1584,", Lancashiere, England","The Hurst, Lancashire, England",royal_noble,Noble title claim,high,unverified,Treat as GEDCOM claim until supported by citations and proof path.
420,@I322668194088@,Lady Kathrine Popham-Pole,15,direct ancestor,1540,28 October 1588,"Colcombe, Devon, England, United Kingdom","Shute, Devon, England, United Kingdom",royal_noble,Noble title claim,high,unverified,Treat as GEDCOM claim until supported by citations and proof path.
578,@I322745639422@,"Lady Margaret ""Baroness Warrington, Lancashire Massey",15,direct ancestor,1474,1 Jan 1535,"Cotsmore, Rutlandshire, England","Erisey, Cornwall, England",royal_noble,Noble title claim,high,unverified,Treat as GEDCOM claim until supported by citations and proof path.
407,@I322625941889@,Lady Margaret De Holland,15,direct ancestor,Abt. 1535,May 1595,"Kent, England","Kent, England",royal_noble,Noble title claim,high,unverified,Treat as GEDCOM claim until supported by citations and proof path.
394,@I322625941645@,Lady Mary Ann Milbourne ^*,15,direct ancestor,1520,1591,"Haverhill, Withersfield, Suffolk, England","Haverhill, Suffolk, England",royal_noble,Noble title claim,high,unverified,Treat as GEDCOM claim until supported by citations and proof path.
517,@I322738218779@,Lady Olive Maude Calver* Alden DIRECT FEMALE BLOODLINE AND ANCESTRY,15,direct ancestor,1510,1590,"Scrooby, Nottinghamshire, England, United Kingdom","South Hampden, Hampshire, England",royal_noble,Noble title claim,high,unverified,Treat as GEDCOM claim until supported by citations and proof path.
496,@I322728995551@,Lady Rebecca Joan (Simmons) Broad Chalke (King),15,direct ancestor,1535,1 Jan 1605,"Boxford, Babergh District, Suffolk, England","Broad Chalke, Wiltshire, England",royal_noble,Noble title claim,high,unverified,Treat as GEDCOM claim until supported by citations and proof path.
364,@I322625938260@,Louis aka Lodewijk Capet de Valois XII Duke of Orléans King of France,15,direct ancestor,27 Jun 1462,1 Jan 1515,"Château de Blois, Blois, Touraine, France","Château de Nogent le Roi, des Hôtel des Tournelles, Île-de-France",royal_noble,Royal title claim,high,unverified,Treat as GEDCOM claim until supported by citations and proof path.
365,@I322625938260@,Louis aka Lodewijk Capet de Valois XII Duke of Orléans King of France,15,direct ancestor,27 Jun 1462,1 Jan 1515,"Château de Blois, Blois, Touraine, France","Château de Nogent le Roi, des Hôtel des Tournelles, Île-de-France",royal_noble,Noble title claim,high,unverified,Treat as GEDCOM claim until supported by citations and proof path.
366,@I322625938260@,Louis aka Lodewijk Capet de Valois XII Duke of Orléans King of France,15,direct ancestor,27 Jun 1462,1 Jan 1515,"Château de Blois, Blois, Touraine, France","Château de Nogent le Roi, des Hôtel des Tournelles, Île-de-France",medieval_descent,French royal descent claim,high,unverified,Treat as GEDCOM claim until supported by citations and proof path.
606,@I322776142947@,Mary Jane Nixe Lady,15,direct ancestor,1520,17 Dec 1565,"Stockwell, London, England","Westby, Fylde Borough, Lancashire, England",royal_noble,Noble title claim,high,unverified,Treat as GEDCOM claim until supported by citations and proof path.
561,@I322745507715@,Sir Andrew Thompson (Thomson Tomson),15,direct ancestor,1494,28 Aug 1571,"Glasgow, Lanarkshire, Scotland","Glasgow, Lanarkshire, Scotland",royal_noble,Noble/knightly title claim,high,unverified,Treat as GEDCOM claim until supported by citations and proof path.
598,@I322746647312@,"Sir Cardinal John Fisher, Epes, England *10TH PGGF",15,direct ancestor,1516,November 1570,"Maidstone, Kent, England, United Kingdom","Canterbury, Kent, England, United Kingdom",royal_noble,Noble/knightly title claim,high,unverified,Treat as GEDCOM claim until supported by citations and proof path.
594,@I322746343944@,Sir David Griffith Davys (Davis) Sr,15,direct ancestor,1500,10 Mar 1587,"Acton Turville, Gloucestershire, England","Acton Turville, Wiltshire, England",royal_noble,Noble/knightly title claim,high,unverified,Treat as GEDCOM claim until supported by citations and proof path.
343,@I322616879171@,"Sir Evan ""Ewan"" Browne 1503",15,direct ancestor,1479,1545,"Ribbleton, Lancashire, England","Lancaster, Lancashire, England",royal_noble,Noble/knightly title claim,high,unverified,Treat as GEDCOM claim until supported by citations and proof path.
495,@I322728995374@,"Sir Francis Browne, of Luton, Knighted by Queen Elizabeth I",15,direct ancestor,1534,18 Oct 1604,"Pudington, Parish, Northampton, Northamptonshire, England","Woodford, East Northamptonshire Borough, Northamptonshire, England",royal_noble,Noble/knightly title claim,high,unverified,Treat as GEDCOM claim until supported by citations and proof path.
505,@I322738217958@,Sir Francis Knollys (Knowles) of Rotherfield Grey,15,direct ancestor,1514,18 August 1596,"Rotherfield Greys, South Oxfordshire District, Oxfordshire, England","Rotherfield Greys, South Oxfordshire District, Oxfordshire, England",royal_noble,Noble/knightly title claim,high,unverified,Treat as GEDCOM claim until supported by citations and proof path.
528,@I322741258016@,Sir George Vessey Yeardley II,15,direct ancestor,ca 1525/35,1607,"Blythburgh, Suffolk, England, United Kingdom","Oxford, Oxfordshire, England",royal_noble,Noble/knightly title claim,high,unverified,Treat as GEDCOM claim until supported by citations and proof path.
361,@I322625937999@,Sir Johios John Richardson -12th GG,15,direct ancestor,Abt 1520,20 Jan 1543,"of Halifax, Yorkshire, England","of Halifax, Yorkshire, England",royal_noble,Noble/knightly title claim,high,unverified,Treat as GEDCOM claim until supported by citations and proof path.
534,@I322741258171@,Sir Johis John Haresfield Keane Kynne Kinne Kenne Kene Kine IV,15,direct ancestor,1500,18 Jul 1596,"Wingrave, Buckinghamshire, England","Wingrave, Buckinghamshire, England",royal_noble,Noble/knightly title claim,high,unverified,Treat as GEDCOM claim until supported by citations and proof path.
512,@I322738218189@,Sir John Heigham,15,direct ancestor,1528,21 July 1597,"Giffords Hall, Wickhambrook, Suffolk, England","Suffolk, England",royal_noble,Noble/knightly title claim,high,unverified,Treat as GEDCOM claim until supported by citations and proof path.
350,@I322625934979@,Sir John William Mullins Molines Molineux,15,direct ancestor,11 Jan 1516,8 Jul 1571,"Warmham, Sussex, England","Warmham, Sussex, England",royal_noble,Noble/knightly title claim,high,unverified,Treat as GEDCOM claim until supported by citations and proof path.
605,@I322762170221@,"Sir Knight Henry Theodore Edward Barley, Esquire, Sheriff",15,direct ancestor,1476,12 Nov 1529,"Albury, Hertfordshire, England","Albury, Hertfordshire, England",royal_noble,Noble/knightly title claim,high,unverified,Treat as GEDCOM claim until supported by citations and proof path.
397,@I322625941694@,"Sir Knight Robert Brooke, Justice of the Common Pleas",15,direct ancestor,1510,5 September 1558,"Madeley, Telford and Wrekin, Shropshire, England, United Kingdom","Claverley, Shropshire, England, United Kingdom",royal_noble,Noble/knightly title claim,high,unverified,Treat as GEDCOM claim until supported by citations and proof path.
370,@I322625938406@,Sir Lord Chevalier,15,direct ancestor,1505,1570,"Sutton under Brailes, Warwickshire, England, United Kingdom","Sutton under Brailes, Warwickshire, England, United Kingdom",royal_noble,Noble/knightly title claim,high,unverified,Treat as GEDCOM claim until supported by citations and proof path.
547,@I322743745095@,"Sir Michael John Bacon, (Knight of Winston)",15,direct ancestor,31 March 1535,25 March 1615,"Helmingham, Suffolk, England, United Kingdom","Winston, Suffolk, England, United Kingdom",royal_noble,Noble/knightly title claim,high,unverified,Treat as GEDCOM claim until supported by citations and proof path.
382,@I322625939489@,"Sir Ralph Grove, of the Temple &amp; of Canterbury",15,direct ancestor,10 Dec 1550,1 June 1648,"Canterbury, Kent, England","Canterbury, Kent, England",royal_noble,Noble/knightly title claim,high,unverified,Treat as GEDCOM claim until supported by citations and proof path.
574,@I322745628416@,Sir Ralph Hassell (Asle),15,direct ancestor,1507,1536,"Keswick, Cumberland, Cumbria, England, United Kingdom","Keswick, Cumberland, Cumbria, England, United Kingdom",royal_noble,Noble/knightly title claim,high,unverified,Treat as GEDCOM claim until supported by citations and proof path.
583,@I322746015936@,Sir Richard I Dean Farley of Farley Green,15,direct ancestor,29 May 1531,26 Sep 1561,"Farley Green, Albury, Surrey, England","Farley Green, Albury, Surrey, England",royal_noble,Noble/knightly title claim,high,unverified,Treat as GEDCOM claim until supported by citations and proof path.
462,@I322680762095@,Sir Richard Sherburne,15,direct ancestor,,,,,royal_noble,Noble/knightly title claim,high,unverified,Treat as GEDCOM claim until supported by citations and proof path.
557,@I322744906347@,Sir Robert John Goodall\Goodale,15,direct ancestor,1525-1530 or 1538,1 Feb 1575,"Bristol, Somerset, England","Bristol, Gloucestershire, England",royal_noble,Noble/knightly title claim,high,unverified,Treat as GEDCOM claim until supported by citations and proof path.
451,@I322680433053@,"Sir Thomas Boleyn 1st Earl of Wiltshire, 1st Earl of Ormond (Ireland), Knight of Bathe, Hever, Viscount of Rochford",15,direct ancestor,1501,12 Mar 1539,"Blickling, Broadland District, Norfolk, England","Hever Castle, Hever, Sevenoaks District, Kent, England",royal_noble,Noble title claim,high,unverified,Treat as GEDCOM claim until supported by citations and proof path.
452,@I322680433053@,"Sir Thomas Boleyn 1st Earl of Wiltshire, 1st Earl of Ormond (Ireland), Knight of Bathe, Hever, Viscount of Rochford",15,direct ancestor,1501,12 Mar 1539,"Blickling, Broadland District, Norfolk, England","Hever Castle, Hever, Sevenoaks District, Kent, England",royal_noble,Noble/knightly title claim,high,unverified,Treat as GEDCOM claim until supported by citations and proof path.
518,@I322738219266@,Sir Thomas Bradford Taylor Lord of the Realm,15,direct ancestor,1525,13 August 1575,"Bradford, West Riding, Yorkshire, England","Yorkshire, England, United Kingdom",royal_noble,Noble title claim,high,unverified,Treat as GEDCOM claim until supported by citations and proof path.
519,@I322738219266@,Sir Thomas Bradford Taylor Lord of the Realm,15,direct ancestor,1525,13 August 1575,"Bradford, West Riding, Yorkshire, England","Yorkshire, England, United Kingdom",royal_noble,Noble/knightly title claim,high,unverified,Treat as GEDCOM claim until supported by citations and proof path.
389,@I322625940390@,Sir Thomas Parr of Kendall (Father of Queen Catherine Parr),15,direct ancestor,1483,12 November 1517,"Kendal Castle, Kendal, Westmoreland, England","Prescot, Lancashire, England",royal_noble,Noble/knightly title claim,high,unverified,Treat as GEDCOM claim until supported by citations and proof path.
419,@I322668194034@,Sir Walter I Earle,15,direct ancestor,1528,1581,"Culhampton, Devon, , England","Charborough, Dorset, , England",royal_noble,Noble/knightly title claim,high,unverified,Treat as GEDCOM claim until supported by citations and proof path.
482,@I322710655849@,"Sir William Dryland Acton, MP, ironmaster (13th GGF)",15,direct ancestor,1497,7 May 1567,"Aldenham, Hertfordshire, England, United Kingdom","Morville, Shropshire, England, United Kingdom",royal_noble,Noble/knightly title claim,high,unverified,Treat as GEDCOM claim until supported by citations and proof path.
331,@I322454169707@,Sir William Gibbons of Wiltshire De Boteler,15,direct ancestor,1504,9 Sep 1579,"Sedgley, Dudley, West Midlands, England","Ettingshell, Sedley, Staffordshire, England",royal_noble,Noble/knightly title claim,high,unverified,Treat as GEDCOM claim until supported by citations and proof path.
471,@I322681174171@,Sir William Mathew Matthew,15,direct ancestor,1516,1551,"Castell Y Mynach, Glamorganshire, Wales","Castell Y Mynach, Llano, Glamorganshire, Wales",royal_noble,Noble/knightly title claim,high,unverified,Treat as GEDCOM claim until supported by citations and proof path.
531,@I322741258049@,"Sir William, Rector of Cameley Tibbot",15,direct ancestor,1517,1576,"Montgomeryshire, Wales","Cameley, Somerset, England",royal_noble,Noble/knightly title claim,high,unverified,Treat as GEDCOM claim until supported by citations and proof path.
568,@I322745626160@,"Sir William\Wilia IV Yelverton-Pekerton, Esq.",15,direct ancestor,1512-1525,12 Aug 1585,"Rougham, Norfolk, England","Rougham, Norfolk, England",royal_noble,Noble/knightly title claim,high,unverified,Treat as GEDCOM claim until supported by citations and proof path.
368,@I322625938315@,William Dryland Acton Sir,15,direct ancestor,1497,7 May 1567,"Aldenham Hall, Morville, Shropshire, England, United Kingdom","Morville, Shropshire, England, United Kingdom",royal_noble,Noble/knightly title claim,high,unverified,Treat as GEDCOM claim until supported by citations and proof path.
573,@I322745627239@,"*Gruffudd apJohn Jones, Earl of Warwick",16,direct ancestor,1505,1551,"Castellmarch, Llanbedrog, Lleyn, Caernarvonshire, Gwynedd, Wales, United Kingdom","Caernarvon, Caernarvonshire, Wales",royal_noble,Noble title claim,high,unverified,Treat as GEDCOM claim until supported by citations and proof path.
509,@I322738217996@,*Lady Mary Catherine Countess of Wiltshire Boleyn 14xggm Royal Mistress to King Henry VIII Stafford,16,direct ancestor,April 1499,19 July 1543,"Hever Castle, Kent, England, United Kingdom","Rochford Hall, Rochford, Essex, England, United Kingdom",royal_noble,Noble title claim,high,unverified,Treat as GEDCOM claim until supported by citations and proof path.
599,@I322746647362@,Agnes Sandes Lady,16,direct ancestor,1486,abt 1539,"Tunbridge Wells, Kent, England, United Kingdom","Cranbrook, Tunbridge Wells Borough, Kent, England, United Kingdom",royal_noble,Noble title claim,high,unverified,Treat as GEDCOM claim until supported by citations and proof path.
401,@I322625941768@,Alice de Vaux Lady,16,direct ancestor,April 1482,1543,"Harrowden, Northamptonshire, England","Harrowden, Bedfordshire, England",royal_noble,Noble title claim,high,unverified,Treat as GEDCOM claim until supported by citations and proof path.
488,@I322728004197@,"EN Ralph De Bigelow, 4th Lord of Ollerton 13 ggf",16,direct ancestor,1500,27 July 1543,"Ollerton Hall, Cheshire, England, United Kingdom","Eaton, Cheshire, England, United Kingdom",royal_noble,Noble title claim,high,unverified,Treat as GEDCOM claim until supported by citations and proof path.
353,@I322625934993@,Griselda Bridget Carrell Lady,16,direct ancestor,1499,5 Jul 1548,"Merstham, Surrey, England","Parham, Sussex, England",royal_noble,Noble title claim,high,unverified,Treat as GEDCOM claim until supported by citations and proof path.
576,@I322745639344@,John Sir Holcroft,16,direct ancestor,1496,1560,"Holcroft, Lancashire, England","Haslingden, Lancashire, England",royal_noble,Noble/knightly title claim,high,unverified,Treat as GEDCOM claim until supported by citations and proof path.
392,@I322625941640@,"Katherine Elizabeth Lady of Bury, Hatley, Bedfordshire,Kilpeck\Peletoyt",16,direct ancestor,1493,11 December 1574,"Hawstead, Suffolk, England","Woodhall, Watton, Hertfordshire, England",royal_noble,Noble title claim,high,unverified,Treat as GEDCOM claim until supported by citations and proof path.
432,@I322668238072@,"LADY Margaret ""Majorie"" (Heiress of Rycote) Williams, Baroness Norreys of Rycote",16,direct ancestor,15 Oct 1521,16 Nov 1599,"Thame, Oxfordshire, England","Buried in a vault under Rycote Chapel, on the grounds of Rycote House, So. Oxford, Oxfordshire",royal_noble,Noble title claim,high,unverified,Treat as GEDCOM claim until supported by citations and proof path.
490,@I322728137066@,Lady Alice Annis NMN Lea,16,direct ancestor,1525,,"Staffordshire, England",England,royal_noble,Noble title claim,high,unverified,Treat as GEDCOM claim until supported by citations and proof path.
396,@I322625941677@,Lady Ann (Marshall\Lokyer\Fidler) Doane,16,direct ancestor,1495/1500,1589,"Tydd Saint Mary, Lincolnshire, , England","Tydd St Mary, Lincolnshire, England",royal_noble,Noble title claim,high,unverified,Treat as GEDCOM claim until supported by citations and proof path.
446,@I322672792456@,Lady Ann Tirwhitt,16,direct ancestor,Abt 1512,1590,"Lincolnshire, England","Yorkshire, England",royal_noble,Noble title claim,high,unverified,Treat as GEDCOM claim until supported by citations and proof path.
472,@I322681174187@,Lady Annie Dennis,16,direct ancestor,1507,1596,"Gloucestershire, England","County, Gloucestershire, England",royal_noble,Noble title claim,high,unverified,Treat as GEDCOM claim until supported by citations and proof path.
427,@I322668230121@,Lady Cicely Verch de Charlton,16,direct ancestor,1506,20 Apr 1607,"Apley, Lincolnshire, England","Apley Castle, Shrposhire, England",royal_noble,Noble title claim,high,unverified,Treat as GEDCOM claim until supported by citations and proof path.
478,@I322686339021@,Lady Cicely Verch de Charlton,16,direct ancestor,1506,20 Apr 1607,"Apley, Lincolnshire, England","Apley Castle, Shrposhire, England",royal_noble,Noble title claim,high,unverified,Treat as GEDCOM claim until supported by citations and proof path.
584,@I322746016819@,Lady Dionysia Dionisia WARRE,16,direct ancestor,1516,1552,"Gravesend, Kent, England","Gravesend, Kent, England",royal_noble,Noble title claim,high,unverified,Treat as GEDCOM claim until supported by citations and proof path.
553,@I322744510266@,Lady Elizabeth ''Baroness Chandos of Sudeley'' de Grey,16,direct ancestor,4 March 1492,29 December 1559,"Wilton on Wye, Herefordshire, England","St Faith By St Paul, London, Middlesex, London, England, United Kingdom",royal_noble,Noble title claim,high,unverified,Treat as GEDCOM claim until supported by citations and proof path.
529,@I322741258027@,Lady Elizabeth Doyle,16,direct ancestor,1505,1543,"Hintlesham, Suffolk, England","Hintlesham, Suffolk, England",royal_noble,Noble title claim,high,unverified,Treat as GEDCOM claim until supported by citations and proof path.
362,@I322625938032@,Lady Elizabeth Leventhorpe nee Barley of Albury ^',16,direct ancestor,1501,09 May 1592,England,"Sawbridgeworth, Hertfordshire, England",royal_noble,Noble title claim,high,unverified,Treat as GEDCOM claim until supported by citations and proof path.
513,@I322738218200@,Lady Elizabeth Mordaunt,16,direct ancestor,abt. 1505,1574,"Hempstead, Essex, England","Hempstead, Essex, England",royal_noble,Noble title claim,high,unverified,Treat as GEDCOM claim until supported by citations and proof path.
484,@I322725936815@,Lady Ellen Elizabeth Isabel Margaret Dryland Acton (14th GGF),16,direct ancestor,1467,1569,"Morville, Shropshire, England","Morville, Aldenham, Shropshire, Angleterre",royal_noble,Noble title claim,high,unverified,Treat as GEDCOM claim until supported by citations and proof path.
543,@I322743511723@,Lady Jane Irene Trenchard,16,direct ancestor,ABT 1503,1541,"Wolverton, Hampshire, England","Candle Marsh, Dorset, England",royal_noble,Noble title claim,high,unverified,Treat as GEDCOM claim until supported by citations and proof path.
421,@I322668194093@,Lady Jane Stradling (Popham) of St. Donats,16,direct ancestor,20 Feb 1505,1555,"St Donat's Castle, Ogmore, Glamorganshire, Wales","Huntsworth, Somerset, England",royal_noble,Noble title claim,high,unverified,Treat as GEDCOM claim until supported by citations and proof path.
454,@I322680433174@,Lady Joan Alice De Buckland,16,direct ancestor,1476,14 Nov 1544,"Tydd Saint Mary, Lincolnshire, England","Temple Guytinge, Gloucestershire, England",royal_noble,Noble title claim,high,unverified,Treat as GEDCOM claim until supported by citations and proof path.
443,@I322669833005@,Lady Joan Sarah Clement *,16,direct ancestor,1518,1580,"London, Middlesex, England","Durnford, Wiltshire, England",royal_noble,Noble title claim,high,unverified,Treat as GEDCOM claim until supported by citations and proof path.
577,@I322745639368@,"Lady Margaret ""Baroness Warrington, Lancashire Massey",16,direct ancestor,1474,1 Jan 1535,"Cotsmore, Rutlandshire, England","Erisey, Cornwall, England",royal_noble,Noble title claim,high,unverified,Treat as GEDCOM claim until supported by citations and proof path.
592,@I322746342981@,Lady Margaret (Heiress Rockwood),16,direct ancestor,1475,1531,"Salle, Norfolk, England, United Kingdom","Salle, Norfolk, England, United Kingdom",royal_noble,Noble title claim,high,unverified,Treat as GEDCOM claim until supported by citations and proof path.
581,@I322746014706@,Lady Margaret ** Shawe Shaw Robinson,16,direct ancestor,1491,1518,"Halifax, Yorkshire, West Yorkshire, England, United Kingdom","Halifax, Yorkshire, West Yorkshire, England, United Kingdom",royal_noble,Noble title claim,high,unverified,Treat as GEDCOM claim until supported by citations and proof path.
570,@I322745626212@,Lady Margaret Gamond-Germon\Gamon-Yelverton,16,direct ancestor,1500,26 Jul 1542,London (Middlesex) England,"Rougham Manor, Rougham, Norfolkshire, England",royal_noble,Noble title claim,high,unverified,Treat as GEDCOM claim until supported by citations and proof path.
393,@I322625941643@,Lady Mary Chapman,16,direct ancestor,1500,1552,"Hoxne Parish, Saint Martin, Barnham, Suffolk, England","Hoxne Parish, Saint Martin, Barnham, Suffolk, England",royal_noble,Noble title claim,high,unverified,Treat as GEDCOM claim until supported by citations and proof path.
399,@I322625941709@,Margaret Lady of Farmot Shrophire Grosvenor,16,direct ancestor,1485,6 Sep 1558,"Bushbury, Staffordshire, England, United Kingdom","Claverley, Shropshire, England",royal_noble,Noble title claim,high,unverified,Treat as GEDCOM claim until supported by citations and proof path.
415,@I322638422022@,Margaret Martha 'Lady Bradbury' ROWSE,16,direct ancestor,1510,Jun 1585,"Cambridge, Cambridgeshire, England","Wicken, Essex, , England",royal_noble,Noble title claim,high,unverified,Treat as GEDCOM claim until supported by citations and proof path.
525,@I322738279821@,Princess Minnie von Sachsen Lauenburg Askanier,16,direct ancestor,9 July 1511,1566,"Lauenburg Castle, Herzogtum Lauenburg, Schleswig-Holstein, Duchy of Saxe-Lauenburg","Norwich, Norfolk, England, United Kingdom",royal_noble,Royal/noble title claim,high,unverified,Treat as GEDCOM claim until supported by citations and proof path.
422,@I322668194106@,"Sir Alexander Popham (of Huntworth, Esquire, Burgess of Bridgewater, Steward of Buckland Priory ( Judge who presided over trial of Sir Walter Raleigh)",16,direct ancestor,20 Feb 1504,11 June 1556,"Huntsworth, Somerset, England, United Kingdom","Huntworth, Somerset, England",royal_noble,Noble/knightly title claim,high,unverified,Treat as GEDCOM claim until supported by citations and proof path.
498,@I322728996097@,"Sir Anthony Browne, III Knight, 1st Viscount of Montagu",16,direct ancestor,29 Nov 1528,19 Oct 1592,"Battle Abbey and Cowdray Park, Sussex of Elsing, Norfolk, England","West Horsley, Surrey, England",royal_noble,Noble/knightly title claim,high,unverified,Treat as GEDCOM claim until supported by citations and proof path.
552,@I322744489099@,Sir John Brydges 1st Baron Chandos of Sudeley,16,direct ancestor,9 March 1491,13 April 1557,"Cubberley, England., Gloucestershire, England, United Kingdom","Sudley Castle, England., Gloucestershire, England, United Kingdom",royal_noble,Noble/knightly title claim,high,unverified,Treat as GEDCOM claim until supported by citations and proof path.
591,@I322746342980@,Sir John Brygge (Briggs),16,direct ancestor,1454,1535,"Salle, Norfolk, England, United Kingdom","Salle, Norfolk, England, United Kingdom",royal_noble,Noble/knightly title claim,high,unverified,Treat as GEDCOM claim until supported by citations and proof path.
551,@I322744368346@,"Sir John Clenche II, Baron of Wethersfield",16,direct ancestor,1500,20 Dec 1544,"Wethersfield,,Essex,England","Wethersfield, Essex, England",royal_noble,Noble/knightly title claim,high,unverified,Treat as GEDCOM claim until supported by citations and proof path.
608,@I322780984278@,Sir John Craddock Newton,16,direct ancestor,1500,1 January 1545,"Westby, Fylde Borough, Lancashire, England, United Kingdom","Westby, Basingthorpe, Lincolnshire, England",royal_noble,Noble/knightly title claim,high,unverified,Treat as GEDCOM claim until supported by citations and proof path.
491,@I322728137092@,Sir John Lea,16,direct ancestor,Abt. 1520,1585,"Staffordshire, England","Of, Staffordshire, England",royal_noble,Noble/knightly title claim,high,unverified,Treat as GEDCOM claim until supported by citations and proof path.
429,@I322668230171@,"Sir John Robert Kerrich, Yeoman of Saxstead, Suffolk, Landed Gentry, buried at St. Nicholas, Bedfield Sr",16,direct ancestor,1505,13 April 1578,"Saxtead, Suffolk Coastal District, Suffolk, England","Bedfield, Mid Suffolk District, Suffolk, England",royal_noble,Noble/knightly title claim,high,unverified,Treat as GEDCOM claim until supported by citations and proof path.
476,@I322686338891@,"Sir John Robert Kerrich, Yeoman of Saxstead, Suffolk, Landed Gentry, buried at St. Nicholas, Bedfield Sr",16,direct ancestor,1505,13 April 1578,"Saxtead, Suffolk Coastal District, Suffolk, England","Bedfield, Mid Suffolk District, Suffolk, England",royal_noble,Noble/knightly title claim,high,unverified,Treat as GEDCOM claim until supported by citations and proof path.
433,@I322668238131@,Sir Knight Henry Norris Norreys of Rycote Baron Norris of Rycote,16,direct ancestor,Jan 1525,27 Jun 1601,"(Wytham) Bray Castle, Rycote, Berkshire, England","Buried in a vault under the chapel of St Michael and All Angels in the Grounds of Rycote House, South Oxford, Oxfordshire, England",royal_noble,Noble/knightly title claim,high,unverified,Treat as GEDCOM claim until supported by citations and proof path.
395,@I322625941672@,Sir Knight Nicholas John Marshall*\Lokier,16,direct ancestor,6 May 1500,7 May 1583,"Tydd Saint Mary, Lincolnshire, England","Tydd St Mary, Lincolnshire, England Place of Burial:England, United Kingdom",royal_noble,Noble/knightly title claim,high,unverified,Treat as GEDCOM claim until supported by citations and proof path.
455,@I322680555878@,Sir Richard I De La Felde (Field),16,direct ancestor,5 Apr or May 1500,15 August 1542,"East Ardsley, Metropolitan Borough of Leeds, West Yorkshire, England","East Ardsley, West Riding, Yorkshire, England",royal_noble,Noble/knightly title claim,high,unverified,Treat as GEDCOM claim until supported by citations and proof path.
428,@I322668230129@,Sir Richard Robert Lee Moreton\Morton-Corbett,16,direct ancestor,1511,16 Jun 1573,"Rotherham, Yorkshire, England","Rotherham, Yorkshire, England",royal_noble,Noble/knightly title claim,high,unverified,Treat as GEDCOM claim until supported by citations and proof path.
477,@I322686339009@,Sir Richard Robert Lee Moreton\Morton-Corbett,16,direct ancestor,1511,16 Jun 1573,"Rotherham, Yorkshire, England","Rotherham, Yorkshire, England",royal_noble,Noble/knightly title claim,high,unverified,Treat as GEDCOM claim until supported by citations and proof path.
558,@I322744906386@,"Sir Thomas ""The Elder of Stoneham"" Goodale, Earle of Stoneham",16,direct ancestor,1510,6 Mar 1601,"Downham Market, Norfolk, England","Warmsworth, Yorkshire, England",royal_noble,Noble/knightly title claim,high,unverified,Treat as GEDCOM claim until supported by citations and proof path.
398,@I322625941707@,"Sir Thomas Brooke, 8th Baron Brooke of Cobham, Knig",16,direct ancestor,1480,15 May 1551,"Chorley, Shropshire","Astley, Shropshire, England (St Petrach Church, Lancashire, England- Burial)",royal_noble,Noble/knightly title claim,high,unverified,Treat as GEDCOM claim until supported by citations and proof path.
453,@I322680433173@,Sir Thomas Doane,16,direct ancestor,1472,1563,"Tydd Saint Mary, Lincolnshire, England","Tydd Saint Mary, Lincolnshire, England",royal_noble,Noble/knightly title claim,high,unverified,Treat as GEDCOM claim until supported by citations and proof path.
582,@I322746015029@,Sir Thomas William Mason Mayson,16,direct ancestor,1500,4 Aug 1551,"Halifax, Yorkshire, West Yorkshire, England, United Kingdom","Halifax, Metropolitan Borough of Calderdale, West Yorkshire, England",royal_noble,Noble/knightly title claim,high,unverified,Treat as GEDCOM claim until supported by citations and proof path.
508,@I322738217967@,Sir William Carey of Aldenham,16,direct ancestor,1500,22 Jun 1528,"Chilton Foliat, Wiltshire, England","Bristol, Gloucestershire, England",royal_noble,Noble/knightly title claim,high,unverified,Treat as GEDCOM claim until supported by citations and proof path.
569,@I322745626197@,"Sir William III Yelverton, the Elder",16,direct ancestor,1480 or 1490 or 1500,17 Aug 1541,"Rougham, Norfolk, England","Rougham, Norfolk, England",royal_noble,Noble/knightly title claim,high,unverified,Treat as GEDCOM claim until supported by citations and proof path.
408,@I322625941904@,Stephen Bucland Sir,16,direct ancestor,1495,20 Apr 1567,"Staplehurst, Kent, England, United Kingdom","Staplehurst, Kent, England, United Kingdom",royal_noble,Noble/knightly title claim,high,unverified,Treat as GEDCOM claim until supported by citations and proof path.
549,@I322743745103@,THOMAS II DeBacon ^ Sir Knight,16,direct ancestor,1502,06 Dec 1557,"Helmingham, Suffolk, England","Helmingham, Suffolk, England",royal_noble,Noble/knightly title claim,high,unverified,Treat as GEDCOM claim until supported by citations and proof path.
444,@I322669833124@,"Thomas ""The Arranger of Jamestown"" Smythe Jr., of Bidborough, Sir Knight in 1603 (Ambassador to Russia)(1st Gov of East India Co)",16,direct ancestor,04 Jan 1530,7 June 1591,"Ostenhanger Castle, Weston Hanger, Hythe, Kent, England","St Botolph Aldgate, London, England",royal_noble,Noble/knightly title claim,high,unverified,Treat as GEDCOM claim until supported by citations and proof path.
445,@I322672792424@,Thomas Hansard Sir,16,direct ancestor,1505,1 Apr 1536,"South Kelsey, Lincolnshire, England","Wickenby, Lincolnshire, England",royal_noble,Noble/knightly title claim,high,unverified,Treat as GEDCOM claim until supported by citations and proof path.
351,@I322625934989@,Willyam William Molyneux Mullins Sir Earl of Sefton - High Sheriff of Lancaster,16,direct ancestor,1498,31 Oct 1541,"Sefton, Lancashire, England","Merstham, Sussex, England",royal_noble,Noble title claim,high,unverified,Treat as GEDCOM claim until supported by citations and proof path.
352,@I322625934989@,Willyam William Molyneux Mullins Sir Earl of Sefton - High Sheriff of Lancaster,16,direct ancestor,1498,31 Oct 1541,"Sefton, Lancashire, England","Merstham, Sussex, England",royal_noble,Noble/knightly title claim,high,unverified,Treat as GEDCOM claim until supported by citations and proof path.
497,@I322728995958@,Elizabeth Lady Morton Moreton (Rosier) (Walden) (de la Warre West) *+13gm,17,direct ancestor,1503,1554 or Aft. 17 Nov 1567 or 1570 or May 1592,"Lechlade, Gloucestershire, England","Warbleton, Sussex, England or Lechlade, Gloucestershire, USA or Chesterfield, Chesterfield Borough, Derbyshire, England",royal_noble,Noble title claim,high,unverified,Treat as GEDCOM claim until supported by citations and proof path.
544,@I322743531101@,Joane Herle Lady Baroness Cary,17,direct ancestor,Abt. 1502,28 Nov 1572,"Prideaux Padstow, Cornwall, England","Bristol, Somerset, England  --  or  --  Bristol Castle, Gloucestershire, England",royal_noble,Noble title claim,high,unverified,Treat as GEDCOM claim until supported by citations and proof path.
523,@I322738275647@,"John Lovell - Fitz_Lewes (Lewis) - Spouse of Lady Catharina (Catherine) Lovell-Fitz_Lewes, Father of Lady Eleanor Fitz-Lewis ***14th GGF***",17,direct ancestor,1497,ABT. 1540,"West-Thornton, Essex","Gosfield, Essex, England",royal_noble,Noble title claim,high,unverified,Treat as GEDCOM claim until supported by citations and proof path.
562,@I322745523329@,Lady Alice (Anne) Horde\Hoorde,17,direct ancestor,1470/1483,7 June 1524,"Apley, Shropshire, England","Apley Forge, Shropshire County, England",royal_noble,Noble title claim,high,unverified,Treat as GEDCOM claim until supported by citations and proof path.
442,@I322669832981@,Lady Alice Beeves Reeves- Clement (Tisbury),17,direct ancestor,1498,25 September 1572,"Croft, Leicester, England","Croft, Leicestershire, England",royal_noble,Noble title claim,high,unverified,Treat as GEDCOM claim until supported by citations and proof path.
474,@I322682619409@,Lady Alice Beeves Reeves- Clement (Tisbury),17,direct ancestor,1498,25 September 1572,"Croft, Leicester, England","Croft, Leicestershire, England",royal_noble,Noble title claim,high,unverified,Treat as GEDCOM claim until supported by citations and proof path.
554,@I322744634747@,Lady Baroness Florence (Grey) de Hastings,17,direct ancestor,1463,15 May 1511,"Castle Harrowdon, Northamptonshire, England","Hereford Castle, Herefordshire, England",royal_noble,Noble title claim,high,unverified,Treat as GEDCOM claim until supported by citations and proof path.
435,@I322668238192@,Lady Baroness Mary Catherine Fiennes,17,direct ancestor,December 1495,9 September 1533,"Herstmonceux (Hurstmonceux) Castle, Wartling, Hailsham, East Sussex, England, United Kingdom","Herstmonceux (Hurstmonceux) Castle, Wartling, Hailsham, East Sussex, England, United Kingdom",royal_noble,Noble title claim,high,unverified,Treat as GEDCOM claim until supported by citations and proof path.
590,@I322746326951@,Lady Christina Beckenham,17,direct ancestor,1499,Dec 1550,"Dunalastair, Perthshire, Scotland, United Kingdom","Sheffield, South Yorkshire, England, United Kingdom",royal_noble,Noble title claim,high,unverified,Treat as GEDCOM claim until supported by citations and proof path.
589,@I322746025851@,"Lady Elizabeth Seton Gordon, Countess Marischal of Scotland 16th GGM",17,direct ancestor,1462,22 Apr 1525,"Huntly Castle, Aberdeenshire, Grampian, Scotland, United Kingdom","Huntly, Aberdeenshire, Scotland, United Kingdom",royal_noble,Noble title claim,high,unverified,Treat as GEDCOM claim until supported by citations and proof path.
586,@I322746016893@,Lady Joane Jane Huddy (Stourton)(Warre),17,direct ancestor,1503,3 Oct 1540,"Stourton, Wiltshire, England","Hestercombe, Somerset, England",royal_noble,Noble title claim,high,unverified,Treat as GEDCOM claim until supported by citations and proof path.
511,@I322738218157@,Lady Margaret Eleanor Spencer,17,direct ancestor,1472,16 Aug 1536,"Spencercombe, Devon, England, United Kingdom","Spencercombe, Engla, Devon, England",royal_noble,Noble title claim,high,unverified,Treat as GEDCOM claim until supported by citations and proof path.
481,@I322686339217@,Lady Sandra Joyce MCPHERSON Kerrich,17,direct ancestor,1485,1578,"Saxtead, Suffolk, England","Saxsted, Suffolk, England, United Kingdom",royal_noble,Noble title claim,high,unverified,Treat as GEDCOM claim until supported by citations and proof path.
426,@I322668194797@,"Lord Thomas Cromwell, The Right Honourable, Knight of the Garter, Mercenary Soldier, Businessman, Attorney, Machiavellian Politician, Privy Councillor, 1st Baron of Cromwell, Vicar General, Vicegerent, 1st Earl of Essex, 2nd Earl of Cromwell, Mem",17,direct ancestor,1485,28 July 1540,"Putney, London Borough of Wandsworth, Greater London, England","Tower Hamlets, London Borough of Tower Hamlets, Greater London, England",royal_noble,Noble title claim,high,unverified,Treat as GEDCOM claim until supported by citations and proof path.
423,@I322668194286@,"SIR KNIGHT EDWARD IV STRADLING Lord of Monke Ashe, Merthyr Mawr, Llanffa, and East Orchard",17,direct ancestor,1475,8 May 1535,"St. Donats Castle, Glamorganshire, Wales, United Kingdom","Saint Donats, Vale of Glamorgan, Wales",royal_noble,Noble title claim,high,unverified,Treat as GEDCOM claim until supported by citations and proof path.
424,@I322668194286@,"SIR KNIGHT EDWARD IV STRADLING Lord of Monke Ashe, Merthyr Mawr, Llanffa, and East Orchard",17,direct ancestor,1475,8 May 1535,"St. Donats Castle, Glamorganshire, Wales, United Kingdom","Saint Donats, Vale of Glamorgan, Wales",royal_noble,Noble/knightly title claim,high,unverified,Treat as GEDCOM claim until supported by citations and proof path.
500,@I322728996976@,"SIR Phillip (of Watton) Le Boteler, Butteler, Butler  (DNA) Sir",17,direct ancestor,1489,28 March 1545,"Woodhall, Watton, England, United Kingdom","Woodhall, Watton-at-Stone, Broadwater, Hertfordshire, England, United Kingdom",royal_noble,Noble/knightly title claim,high,unverified,Treat as GEDCOM claim until supported by citations and proof path.
585,@I322746016860@,"Sen William 'Richard' Lawarre Warre, Lord of Isefield",17,direct ancestor,1502,20 April 1541,"Hestercombe, Somerset, England, United Kingdom","St Mary's, Reading, Berkshire, or Hestercombe, Somerset, England, United Kingdom",royal_noble,Noble title claim,high,unverified,Treat as GEDCOM claim until supported by citations and proof path.
563,@I322745531369@,Sir Andrew Petrie,17,direct ancestor,1505,1565,"Inverness-shire, Scotland","Yell, Shetland, Scotland",royal_noble,Noble/knightly title claim,high,unverified,Treat as GEDCOM claim until supported by citations and proof path.
434,@I322668238167@,Sir Baron John Edward Gryffens Gryffen Wyllyams\William\Williams - Treasurer of the Court of Augmentation - Master of the (1503),17,direct ancestor,December 1503,14 October 1559,"Thame, South Oxfordshire District, Oxfordshire, England","Ludlow, Shropshire Unitary Authority, Shropshire, England",royal_noble,Noble/knightly title claim,high,unverified,Treat as GEDCOM claim until supported by citations and proof path.
441,@I322669832964@,Sir Edward James Browne (Clement ),17,direct ancestor,1 Mar 1480,29 November 1532,"Durnford, Wiltshire, England, United Kingdom","Essex, Essex, England, United Kingdom",royal_noble,Noble/knightly title claim,high,unverified,Treat as GEDCOM claim until supported by citations and proof path.
475,@I322682619426@,Sir Edward James Browne (Clement ),17,direct ancestor,ABT 1500,29 November 1532,"tisherde in visitation/of Tisbury, Wiltshire","Essex, Essex, England, United Kingdom",royal_noble,Noble/knightly title claim,high,unverified,Treat as GEDCOM claim until supported by citations and proof path.
514,@I322738218620@,Sir John Getchell,17,direct ancestor,1485,Aft. 1515,"Cottingham, Northamptonshire, England","Cottingham, Northamptonshire, England",royal_noble,Noble/knightly title claim,high,unverified,Treat as GEDCOM claim until supported by citations and proof path.
499,@I322728996115@,"Sir Knight Anthony Browne II Knight of The Garter, Privy Chamber Memb",17,direct ancestor,29 June 1500,6 May 1548,"Betchworth Castle, Surrey, England, United Kingdom","Battle at Beechworth Castle, Sussex, England (Byfleet), Surrey, England, United Kingdom",royal_noble,Noble/knightly title claim,high,unverified,Treat as GEDCOM claim until supported by citations and proof path.
479,@I322686339048@,Sir Robert Morton,17,direct ancestor,1505,1575,"Bawtry, Blyth, Yorkshire, England, United Kingdom","Bawtry, Blyth, Yorkshire, England, United Kingdom",royal_noble,Noble/knightly title claim,high,unverified,Treat as GEDCOM claim until supported by citations and proof path.
510,@I322738218154@,"Sir Thomas of Chilton Carey, Baron Cary of Clovelly, Knight of of Chilton, Baron Cary of Clovelly, Knight of the Garter",17,direct ancestor,1460,21 June 1536,"Clovelly, shire, Devon, England","Tewkesbury, Gloucestershire, England",royal_noble,Noble/knightly title claim,high,unverified,Treat as GEDCOM claim until supported by citations and proof path.
379,@I322625939101@,Sir William Molyneux,17,direct ancestor,1471,16 Mar 1548,"Sefton, Lancashire, England","Sefton, Lancashire, England",royal_noble,Noble/knightly title claim,high,unverified,Treat as GEDCOM claim until supported by citations and proof path.
437,@I322668239290@,Christopher Thomas Edmunds Moore of de Loseley Sir Captain,18,direct ancestor,7 Feb 1478,16 August 1549,"London, London, Middlesex, England","Loseley, Surrey, England",royal_noble,Noble/knightly title claim,high,unverified,Treat as GEDCOM claim until supported by citations and proof path.
439,@I322668239337@,"Elizabeth Moore Baroness Cromwell, 1st Countess of Essex",18,direct ancestor,1474,1556,"Burghfield, Berkshire, England","Whitney Parrish, Herefordshire, England",royal_noble,Noble title claim,high,unverified,Treat as GEDCOM claim until supported by citations and proof path.
480,@I322686339072@,"Lady Maud Dallison,",18,direct ancestor,1483,1535,"Bawtry, Yorkshire, England, United Kingdom","Bawtry, Yorkshire, England, United Kingdom",royal_noble,Noble title claim,high,unverified,Treat as GEDCOM claim until supported by citations and proof path.
526,@I322741170165@,Sir Thomas Norton,18,direct ancestor,1482,ABT 1520,"Bristol, Gloucestershire, , England","Hardingstone, Northamptonshire, England",royal_noble,Noble/knightly title claim,high,unverified,Treat as GEDCOM claim until supported by citations and proof path.
604,@I322759007866@,"Lady Baroness Alice Brokesby-Walsingham-Saunders\Sanders-Bathurst, Baroness Bathurst",19,direct ancestor,1482,1564,"Shoby, Saxelby, Leicestershire, England","Lawrence Waltham, Berkshire, England",royal_noble,Noble title claim,high,unverified,Treat as GEDCOM claim until supported by citations and proof path.
603,@I322758508113@,Sir John Tate,19,direct ancestor,1460,1514,"Northampton, Northamptonshire, England, United Kingdom","London, London, London, England, United Kingdom",royal_noble,Noble/knightly title claim,high,unverified,Treat as GEDCOM claim until supported by citations and proof path.
385,@I322625940341@,Captain Thomas Blayney (Blaenau),12,direct ancestor,1555,1648,"Gregynog Hall, Tregynon, Montgomery, Wales","Eniskillen, Fermanagh, Ireland",military_title,Military title,medium-high,unverified,Treat as GEDCOM claim until supported by citations and proof path.
405,@I322625941849@,Joan Hurst,12,direct ancestor,,Abt. Jan 1621,,"Plymouth, Plymouth, Massachusetts, USA",mayflower,Mayflower family connection,medium-high,unverified,Treat as GEDCOM claim until supported by citations and proof path.
404,@I322625941842@,John (Mayflower) Tilley*,12,direct ancestor,19 Dec 1571,10 April 1621,"Henlow, Bedfordshire, England","Plymouth, Plymouth, Massachusetts, USA",mayflower,Mayflower passenger,medium-high,unverified,Treat as GEDCOM claim until supported by citations and proof path.
515,@I322738218708@,John Alden,12,direct ancestor,Abt. 1599,12 Sep 1687,England,"Duxbury, Plymouth, Massachusetts, USA",mayflower,Mayflower passenger,medium-high,unverified,Treat as GEDCOM claim until supported by citations and proof path.
516,@I322738218711@,Priscilla Mullins,12,direct ancestor,1600,Aft. 1651,"Surrey, England","Duxbury, Plymouth, Massachusetts, USA",mayflower,Mayflower passenger,medium-high,unverified,Treat as GEDCOM claim until supported by citations and proof path.
596,@I322746646960@,Stephen Hopkins,12,direct ancestor,Abt. 1582,Btn. 6 Jun and 17 Jul 1644,England,"Plymouth, Plymouth, Massachusetts, USA",mayflower,Mayflower passenger,medium-high,unverified,Treat as GEDCOM claim until supported by citations and proof path.
580,@I322745909310@,Victor Putman\Putnam * Captain,12,direct ancestor,1680,19 April 1756,"Schenectady, Albany County, New York","Fort Hunter, Montgomery, New York, USA",military_title,Military title,medium-high,unverified,Treat as GEDCOM claim until supported by citations and proof path.
595,@I322746646691@,William Brewster,13,direct ancestor,Abt. 1566,10 Apr 1644,England,"Duxbury, Plymouth, Massachusetts, USA",mayflower,Mayflower elder/passenger,medium-high,unverified,Treat as GEDCOM claim until supported by citations and proof path.
524,@I322738277811@,"Capt Christopher (de) Wormeley of Hull, (the 2nd),",14,direct ancestor,26 Aug 1560,16 Sep 1651,"VERIFIED- Adwick Le Street, West Riding of Yorkshire, England -Adwick-le-Street, a township and a parish in the West Riding of Yorkshire.","*VERIFIED- Charles City County Area, Virginia, America  -Colonization began here under the Virginia Company. In 1619 they founded 'Charles Cittie' as 1 of the first 4 boroughs/incorporations. Its name changed to 'Charles City County' in 1643.",military_title,Military title,medium-high,unverified,Treat as GEDCOM claim until supported by citations and proof path.
527,@I322741257998@,Capt. Edmund Chapman Barker,14,direct ancestor,9 Dec 1540,Abt 1626,"Sibton, Suffolk, England","Rattlesden, Mid Suffolk District, Suffolk, England",military_title,Military title,medium-high,unverified,Treat as GEDCOM claim until supported by citations and proof path.
602,@I322758507983@,Capt. Isaac William Winston,15,direct ancestor,1570,1628,"Dorset, Dorsetshire, England","Bruton Parish, York County, Virginia, British Colonial USA",military_title,Military title,medium-high,unverified,Treat as GEDCOM claim until supported by citations and proof path.
456,@I322680556699@,John Prentice Turner: Mayflower passenger\immigrant ?this may not be a son of Sir william Turner: research this,15,direct ancestor,1538,06 May 1593,"Cherry Hinton, Cambridgeshire, England","Messing, Essex, England",mayflower,Mayflower passenger,medium-high,unverified,Treat as GEDCOM claim until supported by citations and proof path.
457,@I322680556699@,John Prentice Turner: Mayflower passenger\immigrant ?this may not be a son of Sir william Turner: research this,15,direct ancestor,1538,06 May 1593,"Cherry Hinton, Cambridgeshire, England","Messing, Essex, England",mayflower,Mayflower elder/passenger,medium-high,unverified,Treat as GEDCOM claim until supported by citations and proof path.
458,@I322680556699@,John Prentice Turner: Mayflower passenger\immigrant ?this may not be a son of Sir william Turner: research this,15,direct ancestor,1538,06 May 1593,"Cherry Hinton, Cambridgeshire, England","Messing, Essex, England",mayflower,Mayflower passenger/governor,medium-high,unverified,Treat as GEDCOM claim until supported by citations and proof path.
465,@I322681172215@,John Prentice Turner: Mayflower passenger\immigrant ?this may not be a son of Sir william Turner: research this,15,direct ancestor,1538,06 May 1593,"Cherry Hinton, Cambridgeshire, England","Messing, Essex, England",mayflower,Mayflower passenger,medium-high,unverified,Treat as GEDCOM claim until supported by citations and proof path.
466,@I322681172215@,John Prentice Turner: Mayflower passenger\immigrant ?this may not be a son of Sir william Turner: research this,15,direct ancestor,1538,06 May 1593,"Cherry Hinton, Cambridgeshire, England","Messing, Essex, England",mayflower,Mayflower elder/passenger,medium-high,unverified,Treat as GEDCOM claim until supported by citations and proof path.
467,@I322681172215@,John Prentice Turner: Mayflower passenger\immigrant ?this may not be a son of Sir william Turner: research this,15,direct ancestor,1538,06 May 1593,"Cherry Hinton, Cambridgeshire, England","Messing, Essex, England",mayflower,Mayflower passenger/governor,medium-high,unverified,Treat as GEDCOM claim until supported by citations and proof path.
440,@I322669832503@,Christopher Thomas  (Captain) Baker Commander ship Foresight 10**,16,direct ancestor,5 January 1528,4 August 1628,"Tenterden, Kent, England, United Kingdom","St Dunstan and All Saints, Stepney, Middlesex, London, England, United Kingdom",military_title,Military title,medium-high,unverified,Treat as GEDCOM claim until supported by citations and proof path.
436,@I322668239267@,8th- CAPT. Thomas \died as soldier in Midlands battle Moore (Morris),18,direct ancestor,1481,7 Jul 1556,"Great Coxwell, Vale of White Horse District, Oxfordshire, England","Ashley, Shropshire, England (died as soldier in Midlands battle)",military_title,Military title,medium-high,unverified,Treat as GEDCOM claim until supported by citations and proof path.
438,@I322668239290@,Christopher Thomas Edmunds Moore of de Loseley Sir Captain,18,direct ancestor,7 Feb 1478,16 August 1549,"London, London, Middlesex, England","Loseley, Surrey, England",military_title,Military title,medium-high,unverified,Treat as GEDCOM claim until supported by citations and proof path.
346,@I322625933470@,Maj. General Nathaniel Folsom,7,direct ancestor,18 Sep 1726,26 May 1790,"Exeter, Rockingham, New Hampshire","Exeter, Rockingham, New Hampshire, USA",colonial_public_figure,Revolutionary-era New Hampshire military/political figure,medium,unverified,Treat as GEDCOM claim until supported by citations and proof path.
347,@I322625933470@,Maj. General Nathaniel Folsom,7,direct ancestor,18 Sep 1726,26 May 1790,"Exeter, Rockingham, New Hampshire","Exeter, Rockingham, New Hampshire, USA",military_title,Military title,medium,unverified,Treat as GEDCOM claim until supported by citations and proof path.
356,@I322625937167@,"""Lieut John III (Jonathan) Folsom (Foulsham)",8,direct ancestor,1685,25 Feb 1740,"(*VERIFIED- Exeter, Rockingham County, New Hampshire, USA - Domain of the Squamscott people of the Pennacook nation. In 1638, Rev. John Wheelwright bought the land. It originally included Newmarket. )","(*VERIFIED- Exeter, Rockingham County, New Hampshire, USA - Domain of the Squamscott people of the Pennacook nation. In 1638, Rev. John Wheelwright bought the land. It originally included Newmarket. )",military_title,Military title,medium,unverified,Treat as GEDCOM claim until supported by citations and proof path.
412,@I322638416581@,Capt David Ives,8,direct ancestor,15 Jun 1740,1820/21,"Wallingford, New Haven, Connecticut, USA","Burton, Sunbury, New Brunswick, Canada",military_title,Military title,medium,unverified,Treat as GEDCOM claim until supported by citations and proof path.
336,@I322454173978@,Capt John Pearsons,8,direct ancestor,6 Apr 1690,26 February 1781,"Rowley, Essex, Massachusetts, USA","Newbury, Essex County, Massachusetts, United States of America",military_title,Military title,medium,unverified,Treat as GEDCOM claim until supported by citations and proof path.
335,@I322454173952@,Capt. Nathaniel Woodbridge,8,direct ancestor,28 JAN 1696,30 Dec 1731,"Newbury, Essex, Massachusetts, USA","Newbury, Massachusetts",military_title,Military title,medium,unverified,Treat as GEDCOM claim until supported by citations and proof path.
332,@I322454172153@,Ensign Samuel *5**** Adams Jr..ME1710,8,direct ancestor,26 Mar 1710,1775,"Kittery, York, Maine, United States","Merrymeeting Bay, Brunswick County, Maine, United States",military_title,Military title,medium,unverified,Treat as GEDCOM claim until supported by citations and proof path.
334,@I322454173560@,John Crooks Private,8,direct ancestor,16 Nov 1717,19 Aug 1783,"• Ipswich, Essex, England","• Blandford, Hampden, Massachusetts, United States",military_title,Military title,medium,unverified,Treat as GEDCOM claim until supported by citations and proof path.
333,@I322454173512@,Joseph Thomes Jr,8,direct ancestor,4 Apr 1735,1778,"Falmouth, Cumberland, Maine, United States",Revolutionary War,military_title,Revolutionary War reference,medium,unverified,Treat as GEDCOM claim until supported by citations and proof path.
414,@I322638419526@,Joshua F Strout Sr Capt,8,direct ancestor,14 Jun 1722,3 Dec 1793,"Cape Codd, Massachusetts, USA",West Indies,military_title,Military title,medium,unverified,Treat as GEDCOM claim until supported by citations and proof path.
357,@I322625937722@,Capt Benjamin Tibbetts,9,direct ancestor,31 October 1700,30 June 1761,"Dover, Strafford County, New Hampshire, United States of America","Lebanon, York County, Maine, United States of America",military_title,Military title,medium,unverified,Treat as GEDCOM claim until supported by citations and proof path.
417,@I322656992268@,Capt John GERRY Sr,9,direct ancestor,8 Oct 1741,12 Jan 1786,"Marblehead, Essex, Massachusetts, USA","Marblehead, Essex, Massachusetts, USA",military_title,Military title,medium,unverified,Treat as GEDCOM claim until supported by citations and proof path.
535,@I322743378349@,Capt John Gilman I,9,direct ancestor,07 Jun 1668,"December 26, 1754","Exeter, Rockingham, New Hampshire,, United States","Exeter, Rockingham, New Hampshire, USA",military_title,Military title,medium,unverified,Treat as GEDCOM claim until supported by citations and proof path.
358,@I322625937845@,Capt. Thomas Tibbetts,10,direct ancestor,24 FEB 1659,13 JUL 1748,"Dover Neck, Strafford County, New Hampshire, British America (USA)","Dover Neck, New Hampshire, British America (USA)",military_title,Military title,medium,unverified,Treat as GEDCOM claim until supported by citations and proof path.
339,@I322475441013@,Captain John Bragg Xx=^a,10,direct ancestor,1659,05 Aug 1746,England,"Bristol, Bristol, Rhode Island, USA",military_title,Military title,medium,unverified,Treat as GEDCOM claim until supported by citations and proof path.
345,@I322625929831@,John Brown Sr Mayflower IMMIG,10,direct ancestor,27 September 1650,24 Nov 1709,"Rehoboth, Bristol County, Massachusetts, United States of America","Swansea Center, Bristol County, Massachusetts, United States of America",mayflower,Mayflower passenger,medium,unverified,Treat as GEDCOM claim until supported by citations and proof path.
348,@I322625933704@,Philip Philipse Capt.,10,direct ancestor,18 Mar 1663,25 Dec 1697,"Dutch Reformed Church, NY, New York, United States","Radnor Township, Delaware County, Pennsylvania, United States of America",military_title,Military title,medium,unverified,Treat as GEDCOM claim until supported by citations and proof path.
492,@I322728992483@,"""Ensign"" Walter Fairfield",11,direct ancestor,21 December 1631,20 July 1723,Massachusetts,"Wenham, Essex County, Massachusetts, United States of America",military_title,Military title,medium,unverified,Treat as GEDCOM claim until supported by citations and proof path.
383,@I322625939928@,Capt Edward Johnson Speaker of MA House,11,direct ancestor,Before 13 April 1575,14 June 1672,"Kendal, Westmoreland, England","Watertown, Middlesex, Massachusetts, USA",military_title,Military title,medium,unverified,Treat as GEDCOM claim until supported by citations and proof path.
413,@I322638416822@,"Capt Joseph Ives IV of New Haven, CT",11,direct ancestor,16 Apr 1647,17 Nov 1694,"New Haven, New Haven, Connecticut, USA","New Haven, New Haven, Connecticut, USA",military_title,Military title,medium,unverified,Treat as GEDCOM claim until supported by citations and proof path.
460,@I322680557012@,Captain Thomas Bradberry \ Bradbery \ Bradbury,11,direct ancestor,28 Feb 1594,16 Mar 1679,"Wicken-Bonhunt, Essex, England","Salisbury, Essex Co, MA",military_title,Military title,medium,unverified,Treat as GEDCOM claim until supported by citations and proof path.
374,@I322625938716@,Elizabeth Tilley,11,direct ancestor,1607,22 Dec 1687,England,"Swansea, Bristol, Massachusetts, USA",mayflower,Mayflower passenger,medium,unverified,Treat as GEDCOM claim until supported by citations and proof path.
373,@I322625938715@,John Howland,11,direct ancestor,1602,23 Feb 1672/3,"Fenstanton, Huntingdonshire, England","Plymouth, Plymouth, Massachusetts, USA",mayflower,Mayflower passenger,medium,unverified,Treat as GEDCOM claim until supported by citations and proof path.
430,@I322668234483@,John IDominicus Jordan Jr. Captain,11,direct ancestor,1683,20 May 1749,"Spurwink, Cape Elizabeth, Cumberland, ME","Spurwink, Cape Elizabeth, Cumberland, ME",military_title,Military title,medium,unverified,Treat as GEDCOM claim until supported by citations and proof path.
338,@I322454177849@,"Sir William Fernal* Capt., Commodore",11,direct ancestor,12 Jun 1574,8 Apr 1669,"Castle Heidelberg, Baden-Wuerttemberg, Germany","Bristol, Gloucestershire, England",military_title,Military title,medium,unverified,Treat as GEDCOM claim until supported by citations and proof path.
486,@I322727233107@,"Thomas***X Rose ""Capt.""",11,direct ancestor,10 September 1653,20 November 1743,"New London, New London, Connecticut, USA","Stonington, New London, Connecticut, USA",military_title,Military title,medium,unverified,Treat as GEDCOM claim until supported by citations and proof path.
